Denise,Morgan
Denise,Vince
Denise,Sophie
Morgan,Tamlyn
Tamlyn,Roland
Roland,Casper
Roland,Groucho
Roland,Roger
Roland,Marisa
Casper,Lewis
Casper,Colin
Casper,Helena
Casper,Bela
Lewis,Emily
Emily,Vanessa
Emily,Martha
Vanessa,Rose
Vanessa,Charles
Vanessa,Walt
Vanessa,Loni
Rose,Christina
Rose,Anna
Christina,Sal
Christina,Meg
Anna,Loren
Anna,Stephen
Anna,Liv
Anna,Goldie
Charles,Christopher
Charles,Holly
Charles,Alfred
Charles,Téa
Christopher,Donald
Holly,Pete
Holly,Charlton
Alfred,Joely
Téa,Dolly
Walt,Leonardo
Walt,Lynn-Holly
Walt,June
Leonardo,Jacqueline
Leonardo,Aleksey
Leonardo,Clark
Lynn-Holly,Rebecca
Lynn-Holly,Heather
Lynn-Holly,Michelle
Lynn-Holly,Catherine
June,F.
June,Jean-Pierre
June,Taylor
June,Jean
Loni,Mathilda
Loni,Louis
Loni,Nicolas
Loni,Debbie
Mathilda,Serena
Mathilda,Ang
Mathilda,Cindy
Louis,Gwyneth
Louis,Skeet
Nicolas,Boris
Nicolas,Deborah
Nicolas,Amy
Nicolas,Dennis
Debbie,Brandon
Martha,Arnold
Martha,Uma
Martha,Elisabeth
Arnold,Yahoo
Arnold,Penelope
Arnold,Linden
Yahoo,Salma
Yahoo,Sean
Yahoo,Mike
Yahoo,Isabelle
Penelope,Jean-Claude
Penelope,Jon
Linden,J.T.
Linden,Olivia
Uma,Burt
Uma,Kirstie
Uma,Elvis
Uma,Ethan
Burt,Mimi
Burt,Nancy
Burt,Liam
Burt,Johnathon
Kirstie,Liev
Elvis,Shirley
Elvis,Chris
Ethan,Muhammad
Ethan,Gregg
Ethan,Mickey
Elisabeth,Leon
Elisabeth,Raul
Elisabeth,Melanie
Leon,Elias
Leon,Giovanni
Leon,Joan
Raul,Sylvia
Raul,Ian
Melanie,Spike
Melanie,Sigourney
Melanie,Gore
Melanie,Tawny
Colin,Jennifer
Jennifer,Kelly
Jennifer,Valeria
Jennifer,Theresa
Kelly,Lena
Kelly,Gregory
Kelly,Ridley
Lena,Rupert
Lena,Ingmar
Lena,Jeffrey
Lena,Laura
Rupert,Andie
Rupert,Nastassja
Ingmar,Maria
Ingmar,Samuel
Jeffrey,Yancy
Jeffrey,Corey
Jeffrey,Nana
Jeffrey,Milla
Laura,Elijah
Laura,Judith
Laura,Juliet
Laura,Michelangelo
Gregory,Louise
Gregory,Veronica
Gregory,Diane
Gregory,Alicia
Louise,Anne
Louise,D.B.
Louise,Anouk
Louise,Tom
Veronica,Macaulay
Veronica,Famke
Veronica,Ally
Veronica,Glenn
Diane,Ann-Margret
Diane,Dana
Diane,Carey
Diane,Dan
Alicia,Rita
Alicia,Jodie
Ridley,Russell
Ridley,Stephanie
Ridley,Lesley
Ridley,Vivien
Russell,J.
Russell,Kiefer
Russell,Leslie
Stephanie,Melissa
Stephanie,Angela
Lesley,Hank
Lesley,Timothy
Lesley,Debra
Lesley,Steve
Vivien,Nina
Vivien,Lysette
Vivien,Claudia
Vivien,Natalie
Valeria,Madonna
Valeria,Mel
Madonna,Tupac
Madonna,Gaby
Tupac,River
Tupac,Kim
Gaby,Oliver
Gaby,Lacey
Gaby,Gabrielle
Gaby,BD
Mel,Claire
Mel,Tony
Mel,Emma
Mel,Jerry
Claire,Roscoe
Claire,Ellen
Tony,Renée
Emma,Gillian
Jerry,Reese
Jerry,Pier
Theresa,James
Theresa,Leonard
James,Michael
James,Sherilyn
Michael,Julie
Michael,Mark
Michael,D.W.
Michael,Ben
Sherilyn,Dustin
Sherilyn,Jean-Luc
Sherilyn,Virginia
Leonard,Henry
Leonard,Eddie
Leonard,Miklós
Henry,Lindsay
Henry,Alice
Henry,R.
Eddie,Eric
Eddie,Sybil
Eddie,Gabriel
Eddie,Ewan
Miklós,Minnie
Helena,Maureen
Helena,Steven
Helena,Chow
Helena,Alison
Maureen,Rob
Maureen,Katharine
Maureen,Lea
Maureen,Phoebe
Rob,Joss
Rob,Teri
Rob,Adam
Joss,Sam
Joss,Fairuza
Joss,John
Sam,Atom
Sam,Jaclyn
Fairuza,Alexis
Fairuza,Honor
Fairuza,Theodoros
John,Fred
John,Denys
Teri,André
Teri,Jada
Teri,Jason
Teri,Julianna
André,Willie
André,Jackie
André,George
André,Juliette
Jada,Neve
Jada,Francis
Jada,Harrison
Jason,Marlon
Julianna,Randolph
Julianna,Barbra
Julianna,Matt
Adam,Terence
Adam,Humphrey
Terence,Carol
Terence,Alan
Terence,Helen
Humphrey,Jim
Humphrey,Desi
Humphrey,Shannon
Katharine,Patricia
Patricia,Hugh
Patricia,Julianne
Patricia,Suzy
Patricia,Marilyn
Hugh,Neil
Hugh,Kareem
Hugh,Antonio
Hugh,Harold
Julianne,Jeremy
Julianne,Traci
Julianne,Bo
Suzy,Lauren
Marilyn,Francesca
Marilyn,Philip
Marilyn,Cher
Lea,Amanda
Lea,Luc
Amanda,Robin
Amanda,Georges
Amanda,Annie
Robin,Jean-Jacques
Robin,Spencer
Robin,Nick
Robin,Carmen
Georges,Emilio
Georges,Danny
Georges,Tommy
Annie,Anthony
Luc,Percy
Percy,Rick
Percy,Brad
Phoebe,Ernest
Phoebe,Lolita
Phoebe,Marcello
Phoebe,Audrey
Ernest,Fritz
Ernest,Erika
Fritz,Tim
Fritz,Lee
Fritz,Olivier
Erika,Richard
Erika,Mädchen
Lolita,Terrence
Lolita,Frances
Lolita,Akira
Lolita,Sylvester
Terrence,Ginger
Frances,Vincent
Frances,Kirk
Frances,Meryl
Akira,Linda
Akira,Dermot
Akira,Jean-Hugues
Akira,Brigitte
Sylvester,Roman
Sylvester,Bess
Sylvester,Trini
Sylvester,Willem
Marcello,Sophia
Marcello,Russ
Sophia,Jonathan
Sophia,Noah
Sophia,Joseph
Sophia,Alyssa
Russ,Ray
Audrey,Wim
Audrey,Edward
Wim,Patrick
Edward,Don
Edward,Bruce
Steven,Sela
Steven,Crispin
Steven,Lance
Steven,Ryan
Sela,Daryl
Daryl,Patsy
Daryl,Natasha
Patsy,Fanny
Patsy,Scott
Patsy,Daniel
Natasha,Farrah
Natasha,Irwin
Natasha,Pedro
Crispin,Ving
Crispin,Brian
Crispin,Mira
Ving,Thora
Ving,Harvey
Ving,Tanya
Ving,Val
Thora,Molly
Thora,Wil
Harvey,Greta
Harvey,Ami
Harvey,Asia
Tanya,Walter
Val,Dolph
Val,Casey
Brian,Alexandra
Brian,Brooke
Brian,Jack
Brian,Jude
Alexandra,Drew
Alexandra,Madeleine
Alexandra,Joe
Alexandra,Brent
Brooke,Marilu
Brooke,Nia
Jack,Caroline
Jack,Winona
Jack,Alfonso
Jude,Néstor
Jude,Tyrone
Jude,Melody
Mira,Kate
Mira,Mia
Mira,Jami
Kate,Ashley
Kate,Ron
Kate,Susan
Mia,Isabella
Mia,Bill
Mia,Glenne
Mia,François
Jami,Eve
Jami,Beverly
Jami,Jenny
Lance,Dario
Lance,Keanu
Lance,Al
Lance,Kirsten
Dario,Adrienne
Dario,Gene
Dario,Debi
Dario,Andrew
Adrienne,Mariel
Adrienne,Franz
Gene,Gina
Gene,Kristin
Gene,Federico
Gene,Jeff
Debi,Kurt
Andrew,Armin
Andrew,Max
Andrew,Orson
Andrew,Geena
Keanu,Stockard
Keanu,Pamela
Stockard,Rosanna
Stockard,Gong
Stockard,Emmanuelle
Pamela,Kevin
Pamela,Gates
Pamela,Pam
Al,Henner
Al,Ingrid
Henner,Joey
Ingrid,Tia
Ingrid,Mario
Ingrid,Sarah
Kirsten,Johnny
Kirsten,Chevy
Kirsten,Elle
Johnny,Pernilla
Johnny,Brendan
Johnny,Buster
Johnny,Stanley
Chevy,Joanne
Chevy,Yasmine
Chevy,Ralph
Elle,Ariana
Elle,Barbara
Elle,Bette
Ryan,Karen
Ryan,Woody
Karen,Julia
Karen,Paul
Julia,Judy
Julia,Cameron
Paul,Sandra
Woody,Laurence
Woody,Lili
Laurence,Donna
Laurence,Denzel
Laurence,Sally
Lili,Kenneth
Chow,Carrie
Chow,Margaux
Chow,Jamie
Carrie,Wolfgang
Carrie,Whoopi
Wolfgang,Andy
Wolfgang,Curtis
Wolfgang,Gérard
Wolfgang,Fran
Andy,William
Andy,Vivica
Curtis,Candice
Gérard,Jeanne
Gérard,Victor
Gérard,Rene
Gérard,Janeane
Fran,Billy
Fran,Luke
Whoopi,Matthew
Whoopi,Dina
Whoopi,Charlie
Matthew,Doris
Matthew,Tami
Dina,Clint
Dina,Sissy
Dina,Maud
Charlie,Jane
Charlie,Mary-Louise
Charlie,Marina
Charlie,Terry
Margaux,Cuba
Margaux,Wesley
Margaux,Ursula
Cuba,Elizabeth
Cuba,Luis
Cuba,Victoria
Cuba,Quentin
Elizabeth,Rachael
Elizabeth,Clancy
Elizabeth,Talisa
Elizabeth,Sharon
Luis,Raquel
Luis,Robert
Victoria,Marlene
Victoria,Rowan
Quentin,Pierce
Wesley,Charlize
Wesley,Grace
Wesley,Judd
Wesley,Mary
Charlize,Kathleen
Charlize,Gary
Charlize,Bibi
Grace,Edgar
Grace,Wes
Grace,Rutger
Judd,Brenda
Judd,Frank
Judd,Bridget
Mary,Alec
Mary,Joel
Ursula,David
Ursula,Peter
Ursula,Bai
David,Hal
David,Samantha
Peter,Elena
Peter,Parker
Bai,Malcolm
Bai,Nicole
Bai,Ed
Jamie,Demi
Jamie,Nino
Jamie,Paula
Jamie,Colm
Demi,Will
Demi,Cary
Will,Dominique
Will,Martin
Will,Christian